filename,gender,predicted_bmi,predicted_bmi_normalized,CJWR,WHR,ES,LF_FH,FW_LFH,gt_bmi
img_1813.bmp,Male,31.061840890005186,-0.21418340504169464,0.372678,1.2371839,0.58748627,1.2371839,1.2371839,25.9014274691
img_3342.bmp,Male,31.058583144872596,-0.2145659178495407,0.39441168,1.2760357,0.5844297,1.2760357,1.2760357,39.4540816327
img_3955.bmp,Male,31.076144764329072,-0.21250389516353607,0.33155534,1.3414774,0.5849127,1.3414774,1.3414774,24.5112371351
img_550.bmp,Male,31.076195020155815,-0.2124979943037033,0.39069718,1.410906,0.5248021,1.410906,1.410906,39.7972972973
img_981.bmp,Male,31.045056712959397,-0.21615414321422577,0.42289126,1.4525449,0.5681703,1.4525449,1.4525449,23.6252888049
img_3469.bmp,Female,31.23385338644818,-0.19398631155490875,0.45600712,1.2433988,0.61794305,1.2433988,1.2433988,20.3691106072
img_4186.bmp,Male,31.08624161679299,-0.21131835877895355,0.33293894,1.4653269,0.53846157,1.4653269,1.4653269,35.6183148808
img_2977.bmp,Male,31.010112161430428,-0.2202572077512741,0.5121803,1.2300308,0.5937019,1.2300308,1.2300308,24.5112371351
img_7.bmp,Female,31.28409779141286,-0.18808679282665253,0.34977937,1.4344559,0.6517148,1.4344559,1.4344559,21.740700692
img_1984.bmp,Male,31.07885274117516,-0.21218593418598175,0.3171318,1.5216086,0.56609714,1.5216086,1.5216086,31.8682484568
img_3137.bmp,Male,31.016801516550753,-0.2194717675447464,0.51822424,1.2651349,0.57450676,1.2651349,1.2651349,25.5375510204
img_2299.bmp,Female,31.248248888819816,-0.19229604303836823,0.4544294,1.3184808,0.61976266,1.3184808,1.3184808,23.2946745562
img_1541.bmp,Male,31.079662926018422,-0.21209080517292023,0.29870552,1.4816105,0.58037084,1.4816105,1.4816105,27.4951111111
img_3116.bmp,Female,31.265266070153235,-0.1902979463338852,0.38633725,1.3309807,0.57618845,1.3309807,1.3309807,41.7062988281
img_2579.bmp,Female,31.25278866516898,-0.1917629987001419,0.4530772,1.3272269,0.60148996,1.3272269,1.3272269,20.2020494542
img_2119.bmp,Male,31.050856946054054,-0.21547310054302216,0.42028987,1.3463022,0.57346237,1.3463022,1.3463022,27.4058810425
img_133.bmp,Female,31.25126779186672,-0.19194157421588898,0.4519563,1.3369782,0.62481517,1.3369782,1.3369782,30.6945867677
img_1239.bmp,Male,31.051815360204476,-0.21536056697368622,0.41928497,1.2907959,0.5799689,1.2907959,1.2907959,26.4438657407
img_418.bmp,Female,31.348269405818154,-0.18055199086666107,0.30021745,1.595842,0.57060677,1.595842,1.595842,47.1381153932
img_2056.bmp,Male,31.05939713697546,-0.21447034180164337,0.39397368,1.3645182,0.5721925,1.3645182,1.3645182,35.8673469388
img_1536.bmp,Male,31.083139207852152,-0.21168263256549835,0.3734963,1.394843,0.5237946,1.394843,1.394843,38.464316609
img_3467.bmp,Female,31.2463442437497,-0.1925196796655655,0.44897392,1.3031911,0.61618537,1.3031911,1.3031911,22.5941230487
img_3160.bmp,Female,31.26888169768839,-0.18987341225147247,0.42294654,1.3842921,0.59880257,1.3842921,1.3842921,30.7822485207
img_3506.bmp,Male,31.08657767090717,-0.21127890050411224,0.2961626,1.4678808,0.56749296,1.4678808,1.4678808,44.6260662567
img_1250.bmp,Female,31.244255581132162,-0.19276492297649384,0.49176782,1.274444,0.5699764,1.274444,1.274444,36.1542857143
img_1019.bmp,Female,31.249416448431028,-0.19215895235538483,0.42739254,1.2886178,0.5900847,1.2886178,1.2886178,22.4823972051
img_3575.bmp,Male,31.005361716716635,-0.22081498801708221,0.5190751,1.3341557,0.5922131,1.3341557,1.3341557,25.0647401013
img_1662.bmp,Male,31.047874085064713,-0.21582333743572235,0.41531146,1.3727975,0.57865816,1.3727975,1.3727975,33.14316609
img_2039.bmp,Male,31.085683980169982,-0.21138383448123932,0.30068776,1.5744709,0.56037396,1.5744709,1.5744709,24.2732219929
img_1216.bmp,Female,31.251913249277873,-0.19186578691005707,0.54935163,1.458596,0.62163323,1.458596,1.458596,29.1903114187
img_2375.bmp,Female,31.257350523623828,-0.19122736155986786,0.43678862,1.309997,0.5590671,1.309997,1.309997,25.2374567474
img_57.bmp,Female,31.224947698605007,-0.19503198564052582,0.52009326,1.1854823,0.5731495,1.1854823,1.1854823,23.4010560147
img_1092.bmp,Female,31.307756102578317,-0.18530891835689545,0.36909515,1.5282891,0.5776972,1.5282891,1.5282891,48.860770773
img_1760.bmp,Male,31.089856482876225,-0.210893914103508,0.29319105,1.5012279,0.5599456,1.5012279,1.5012279,30.1285714286
img_2701.bmp,Female,31.2427382612722,-0.19294308125972748,0.47282887,1.293578,0.61347795,1.293578,1.293578,24.8720083247
img_4050.bmp,Female,31.329338695808882,-0.18277476727962494,0.34233338,1.5732557,0.5757809,1.5732557,1.5732557,48.1765654394
img_2574.bmp,Male,31.086034248053345,-0.2113427072763443,0.29240394,1.5726945,0.56613755,1.5726945,1.5726945,40.3106490233
img_1927.bmp,Male,31.061902567610733,-0.21417616307735443,0.3855231,1.396809,0.5674157,1.396809,1.396809,24.4051416776
img_2570.bmp,Female,31.283266032098524,-0.188184455037117,0.42544094,1.4158832,0.54308426,1.4158832,1.4158832,34.7160493827
img_3302.bmp,Female,31.245061451081206,-0.1926703006029129,0.4603532,1.2443345,0.54624623,1.2443345,1.2443345,37.1189164371
img_3811.bmp,Female,31.264459438752272,-0.1903926581144333,0.4150429,1.3184079,0.53582627,1.3184079,1.3184079,23.0782828283
img_3224.bmp,Male,31.089949887645123,-0.21088294684886932,0.31192634,1.550912,0.54303527,1.550912,1.550912,46.0693131695
img_3216.bmp,Male,31.077385930959252,-0.21235816180706024,0.35361525,1.4216653,0.54988754,1.4216653,1.4216653,51.1184210526
img_2969.bmp,Male,31.049404857241935,-0.21564359962940216,0.41404575,1.2201638,0.5791572,1.2201638,1.2201638,22.7555096419
img_4149.bmp,Female,31.261106512129636,-0.19078634679317474,0.42561433,1.3461655,0.5958082,1.3461655,1.3461655,30.2284332169
img_3846.bmp,Male,31.077430856622552,-0.21235288679599762,0.32032156,1.4846679,0.568306,1.4846679,1.4846679,38.0082179931
img_1732.bmp,Male,31.093657904679947,-0.21044756472110748,0.34720072,1.4151251,0.5153151,1.4151251,1.4151251,49.2927631579
img_3522.bmp,Female,31.30388081993832,-0.18576394021511078,0.33233672,1.452278,0.57377046,1.452278,1.452278,36.9587881488
img_3354.bmp,Male,31.07976724493151,-0.21207855641841888,0.306547,1.4565815,0.5776972,1.4565815,1.4565815,30.5502929688
img_2764.bmp,Female,31.268260860555994,-0.18994630873203278,0.3664636,1.3333689,0.58503187,1.3333689,1.3333689,38.4053069719
img_2046.bmp,Female,31.235121457712882,-0.19383741915225983,0.50694954,1.2550348,0.5964946,1.2550348,1.2550348,27.4058810425
img_3741.bmp,Male,31.00645008532813,-0.22068719565868378,0.53102523,1.257117,0.58555496,1.257117,1.257117,21.5619212963
img_3537.bmp,Female,31.263037808016968,-0.19055958092212677,0.4172794,1.3545926,0.61328006,1.3545926,1.3545926,29.7839053254
img_2924.bmp,Male,30.982074232636393,-0.22354932129383087,0.5202703,1.2060841,0.6462334,1.2060841,1.2060841,28.7448888889
img_2700.bmp,Female,31.25045608411962,-0.19203688204288483,0.41882056,1.3200692,0.6286427,1.3200692,1.3200692,27.4323621228
img_3853.bmp,Female,31.307055820628896,-0.1853911429643631,0.3123157,1.4421505,0.56976074,1.4421505,1.4421505,33.6700824237
img_3437.bmp,Male,31.042679713881352,-0.21643324196338654,0.43537503,1.404139,0.56863564,1.404139,1.404139,31.2444444444
img_2846.bmp,Male,31.046225287839835,-0.21601693332195282,0.4589537,1.2381023,0.55900097,1.2381023,1.2381023,38.7431111111
img_2328.bmp,Female,31.24223773354322,-0.193001851439476,0.4565534,1.3064475,0.64298606,1.3064475,1.3064475,28.9519526627
img_359.bmp,Female,31.239829261119134,-0.19328464567661285,0.43380296,1.26628,0.62116396,1.26628,1.26628,40.3148979592
img_3156.bmp,Female,31.23626718903571,-0.19370289146900177,0.48463747,1.2297844,0.571351,1.2297844,1.2297844,28.884837963
img_96.bmp,Male,31.071265888058043,-0.21307675540447235,0.3849057,1.4639598,0.5326334,1.4639598,1.4639598,42.2631952663
img_3351.bmp,Female,31.241541766488016,-0.19308356940746307,0.43870315,1.2419506,0.5774571,1.2419506,1.2419506,31.7398548777
img_1762.bmp,Male,31.063811019940452,-0.21395207941532135,0.3905331,1.3852828,0.5604396,1.3852828,1.3852828,33.9023919753
img_1057.bmp,Male,31.03829400463741,-0.21694819629192352,0.42896405,1.3159734,0.59991187,1.3159734,1.3159734,31.5171592938
img_2007.bmp,Female,31.249627624430275,-0.19213415682315826,0.4727064,1.2959346,0.57179,1.2959346,1.2959346,30.4065743945
img_2782.bmp,Male,31.044786143710365,-0.21618591248989105,0.41476628,1.4844395,0.5700338,1.4844395,1.4844395,42.4171712803
img_2837.bmp,Female,31.20499156667632,-0.19737516343593597,0.605539,1.1323227,0.6114702,1.1323227,1.1323227,21.7860922147
img_2182.bmp,Female,31.352904109840054,-0.18000780045986176,0.3326916,1.6316499,0.575194,1.6316499,1.6316499,35.9403550296
img_512.bmp,Male,31.083307234909245,-0.2116629034280777,0.2762579,1.4550922,0.5926003,1.4550922,1.4550922,32.1394675926
img_993.bmp,Male,31.046129852532484,-0.2160281389951706,0.42198598,1.3157802,0.5885714,1.3157802,1.3157802,34.4326530612
img_562.bmp,Male,31.054742127569014,-0.2150169163942337,0.40238547,1.2691127,0.5865922,1.2691127,1.2691127,34.6948770876
img_2429.bmp,Female,31.247340476678833,-0.1924027055501938,0.48329055,1.2725123,0.5527501,1.2725123,1.2725123,43.8494096681
img_1013.bmp,Male,31.095008212752045,-0.21028901636600494,0.25913164,1.4678339,0.57684475,1.4678339,1.4678339,26.252017264
img_1730.bmp,Male,31.032393259889265,-0.21764104068279266,0.47220218,1.2411921,0.5793947,1.2411921,1.2411921,43.0408163265
img_1983.bmp,Female,31.219812720671435,-0.19563491642475128,0.51840216,1.166345,0.5838284,1.166345,1.166345,31.5632653061
img_2032.bmp,Male,31.072800721312174,-0.21289654076099396,0.4269034,1.3315794,0.524397,1.3315794,1.3315794,44.1497584541
img_3981.bmp,Female,31.246065806164154,-0.1925523728132248,0.453167,1.3110645,0.62559193,1.3110645,1.3110645,24.3715820312
img_1836.bmp,Female,31.22747876478827,-0.19473479688167572,0.53014493,1.2466875,0.61700463,1.2466875,1.2466875,29.0223306436
img_2477.bmp,Male,31.07149381599954,-0.2130499929189682,0.3884289,1.329531,0.55714047,1.329531,1.329531,28.693877551
img_2282.bmp,Female,31.288345931676528,-0.18758799135684967,0.38534802,1.4018705,0.5475961,1.4018705,1.4018705,29.5794910557
img_756.bmp,Female,31.3044711989939,-0.185694620013237,0.3873223,1.5338845,0.5801105,1.5338845,1.5338845,44.7040863177
img_1113.bmp,Male,31.05930601656232,-0.21448104083538055,0.392575,1.3951439,0.5682297,1.3951439,1.3951439,28.1702043245
img_2500.bmp,Male,31.067625386426823,-0.21350421011447906,0.37086463,1.3934048,0.56537527,1.3934048,1.3934048,34.4531075963
img_192.bmp,Male,31.013334625957373,-0.21987883746623993,0.50963044,1.2172878,0.5865098,1.2172878,1.2172878,30.6804205515
img_1726.bmp,Female,31.231553040196786,-0.19425641000270844,0.47685117,1.2215805,0.5988198,1.2215805,1.2215805,29.4112244898
img_3549.bmp,Male,31.104112385729128,-0.2092200368642807,0.26282257,1.6541263,0.5502493,1.6541263,1.6541263,29.8501842653
img_56.bmp,Female,31.268958858149652,-0.1898643523454666,0.42663673,1.3835118,0.5928798,1.3835118,1.3835118,37.9258494031
img_3158.bmp,Female,31.22907832145563,-0.19454698264598846,0.52844995,1.1724606,0.535051,1.1724606,1.1724606,28.5654269972
img_358.bmp,Female,31.221252626252827,-0.1954658478498459,0.4742035,1.2014077,0.6347305,1.2014077,1.2014077,47.2014285714
img_3441.bmp,Female,31.227380537490543,-0.19474633038043976,0.5158393,1.2585751,0.64076114,1.2585751,1.2585751,29.8565197429
img_781.bmp,Female,31.201844739706797,-0.19774465262889862,0.58919376,1.0846218,0.65757203,1.0846218,1.0846218,21.7057340895
img_960.bmp,Female,31.302687117144508,-0.1859041005373001,0.391693,1.5296266,0.58135355,1.5296266,1.5296266,44.7040863177
img_1109.bmp,Male,31.07781082113081,-0.21230827271938324,0.30991942,1.4281882,0.58400893,1.4281882,1.4281882,23.7457777778
img_1622.bmp,Female,31.3637763741762,-0.17873121798038483,0.3040897,1.6441654,0.5843246,1.6441654,1.6441654,35.4791883455
img_3910.bmp,Female,31.23162867775421,-0.1942475289106369,0.45570353,1.2357394,0.62368196,1.2357394,1.2357394,38.9669942051
img_2641.bmp,Male,31.028210604490752,-0.2181321531534195,0.47925752,1.2634486,0.5828877,1.2634486,1.2634486,23.6136235691
img_3640.bmp,Female,31.295712217554048,-0.18672306835651398,0.37770665,1.4265318,0.5382241,1.4265318,1.4265318,46.0659602076
img_146.bmp,Male,31.07086181090564,-0.21312420070171356,0.35213792,1.4177307,0.5682297,1.4177307,1.4177307,37.597110152
img_3909.bmp,Female,31.235518935615307,-0.1937907487154007,0.40384614,1.2210526,0.6094393,1.2210526,1.2210526,27.2591836735
img_2430.bmp,Female,31.259218619001768,-0.19100801646709442,0.40206698,1.3000349,0.55464375,1.3000349,1.3000349,51.4892578125
img_2725.bmp,Male,31.108516623636465,-0.2087029069662094,0.24914236,1.6885123,0.5672625,1.6885123,1.6885123,24.36357908
img_1814.bmp,Male,31.046665914684414,-0.21596519649028778,0.46396866,1.3386807,0.5484693,1.3386807,1.3386807,29.9831382662
img_681.bmp,Male,31.079259864135246,-0.2121381312608719,0.302025,1.333374,0.60218525,1.333374,1.333374,27.365916955
img_2659.bmp,Female,31.223995376069947,-0.19514380395412445,0.54952085,1.288178,0.67129374,1.288178,1.288178,23.341796875
img_3193.bmp,Male,30.997889335204874,-0.22169236838817596,0.53548753,1.2207489,0.598784,1.2207489,1.2207489,22.2094594595
img_14.bmp,Male,31.068319322943573,-0.2134227305650711,0.35792887,1.42712,0.56842107,1.42712,1.42712,35.5613965483
img_906.bmp,Female,31.250938337002513,-0.1919802576303482,0.49196956,1.3211852,0.5829464,1.3211852,1.3211852,28.12
img_3214.bmp,Male,31.086260145456386,-0.21131618320941925,0.24362558,1.5376904,0.6061393,1.5376904,1.5376904,40.8308080808
img_1313.bmp,Male,31.046285950176156,-0.21600981056690216,0.3905761,1.3329935,0.6091049,1.3329935,1.3329935,26.6287878788
img_913.bmp,Male,31.049157639185125,-0.21567262709140778,0.42854688,1.240642,0.5777778,1.240642,1.240642,34.7663176654
img_2344.bmp,Female,31.235043789617006,-0.19384653866291046,0.5,1.2760395,0.625731,1.2760395,1.2760395,41.0305190466
img_1791.bmp,Male,31.059949189617715,-0.21440552175045013,0.40614256,1.4270561,0.54969776,1.4270561,1.4270561,25.6599880976
img_2035.bmp,Female,31.229189239618695,-0.19453395903110504,0.53022045,1.2526956,0.616114,1.2526956,1.2526956,23.0103154136
img_3831.bmp,Female,31.2579741527466,-0.1911541372537613,0.45084378,1.3419387,0.58708984,1.3419387,1.3419387,21.6758333333
img_2575.bmp,Male,31.078130884754664,-0.21227069199085236,0.32290092,1.4173172,0.57377046,1.4173172,1.4173172,24.6588951901
img_3083.bmp,Male,31.023708393102993,-0.21866078674793243,0.57075703,1.2290128,0.50977427,1.2290128,1.2290128,33.084251607
img_410.bmp,Male,31.02457391011913,-0.2185591608285904,0.49390823,1.2803516,0.57856953,1.2803516,1.2803516,40.1644736842
img_3272.bmp,Female,31.23684817685094,-0.19363467395305634,0.450865,1.2307174,0.58698034,1.2307174,1.2307174,27.4058810425
img_2134.bmp,Male,31.047154766817282,-0.21590779721736908,0.4336616,1.3086894,0.57853574,1.3086894,1.3086894,29.7549565605
img_118.bmp,Female,31.276592159833914,-0.18896807730197906,0.3846154,1.3810986,0.5964878,1.3810986,1.3810986,33.8112792969
img_3998.bmp,Male,31.07961241637437,-0.21209673583507538,0.31348607,1.4607869,0.5718982,1.4607869,1.4607869,41.2426666667
img_2716.bmp,Male,31.062963016318484,-0.21405164897441864,0.40155023,1.3374021,0.56398374,1.3374021,1.3374021,38.377507716
img_1159.bmp,Male,31.07960327895133,-0.21209780871868134,0.31623647,1.491893,0.56585723,1.491893,1.491893,39.5759054232
img_1834.bmp,Female,31.25151729427929,-0.19191227853298187,0.4751919,1.3046008,0.5687389,1.3046008,1.3046008,37.1957671958
img_1951.bmp,Male,31.096650410726944,-0.21009619534015656,0.29275867,1.3694214,0.56084657,1.3694214,1.3694214,38.9199459877
img_690.bmp,Female,31.373661289188956,-0.17757056653499603,0.24279372,1.6128048,0.53807104,1.6128048,1.6128048,61.5644970414
img_368.bmp,Male,31.085697940121854,-0.211382195353508,0.30443934,1.4994335,0.56077594,1.4994335,1.4994335,36.7434666667
img_3270.bmp,Female,31.40612223837103,-0.1737591177225113,0.1599384,1.6769308,0.5789763,1.6769308,1.6769308,57.9438627757
img_4122.bmp,Male,31.024825443070156,-0.2185296267271042,0.46579432,1.2851557,0.60213697,1.2851557,1.2851557,30.4734471758
img_3550.bmp,Male,31.059565417849857,-0.21445058286190033,0.36850816,1.4473481,0.57856953,1.4473481,1.4473481,57.4897777778
img_1046.bmp,Male,31.086565995311062,-0.21128027141094208,0.31244245,1.43257,0.5597225,1.43257,1.43257,38.3505256893
img_3187.bmp,Female,31.21599657746392,-0.19608299434185028,0.5003191,1.2348032,0.6767275,1.2348032,1.2348032,22.8488284203
img_100.bmp,Male,31.056940439263084,-0.21475879848003387,0.43449828,1.3032951,0.55691963,1.3032951,1.3032951,29.8341049383
img_2685.bmp,Female,31.217477093814395,-0.19590915739536285,0.517936,1.1852915,0.6116383,1.1852915,1.1852915,21.892733564
img_2104.bmp,Male,31.056742969398403,-0.2147819846868515,0.36797994,1.4090557,0.5926003,1.4090557,1.4090557,29.267755102
img_1465.bmp,Male,31.03135007075838,-0.2177635282278061,0.43791124,1.234226,0.6091049,1.234226,1.234226,28.4780092593
img_4160.bmp,Female,31.311112582643247,-0.18491481244564056,0.35021004,1.4581699,0.5068358,1.4581699,1.4581699,32.0789359862
img_3911.bmp,Female,31.262369507048202,-0.19063805043697357,0.44687024,1.3809465,0.60815686,1.3809465,1.3809465,32.7676996725
img_1518.bmp,Male,31.0731832239935,-0.2128516286611557,0.36331752,1.4499043,0.5479774,1.4499043,1.4499043,32.6819058642
img_2825.bmp,Male,30.996281148749084,-0.2218811959028244,0.5201013,1.1725883,0.61180705,1.1725883,1.1725883,22.8869985297
img_2099.bmp,Male,31.032188175505382,-0.21766512095928192,0.43404448,1.3774303,0.5970112,1.3774303,1.3774303,22.5941230487
img_355.bmp,Male,31.055536321921945,-0.2149236649274826,0.44237503,1.3599584,0.5433126,1.3599584,1.3599584,27.4058810425
img_2367.bmp,Male,31.061313711458993,-0.21424530446529388,0.41542277,1.254417,0.5615791,1.254417,1.254417,24.8009007318
img_943.bmp,Male,31.03772164661061,-0.21701540052890778,0.42423955,1.2096224,0.59768146,1.2096224,1.2096224,26.9863040123
img_3814.bmp,Female,31.29092014680194,-0.18728573620319366,0.36522967,1.4142647,0.57004654,1.4142647,1.4142647,40.8308080808
img_1956.bmp,Male,31.09659380946753,-0.210102841258049,0.27275255,1.5043365,0.5603635,1.5043365,1.5043365,41.722972973
img_1384.bmp,Male,31.012323163989834,-0.2199975997209549,0.48392135,1.4678123,0.5824489,1.4678123,1.4678123,32.0945945946
img_3719.bmp,Male,31.05928799553354,-0.21448315680027008,0.3293183,1.533756,0.6008777,1.533756,1.533756,25.1021622694
img_2934.bmp,Male,31.060303772395294,-0.21436388790607452,0.37949437,1.3989098,0.5760104,1.3989098,1.3989098,33.961352657
img_2683.bmp,Female,31.326147450810673,-0.18314947187900543,0.3223684,1.5602055,0.5978609,1.5602055,1.5602055,32.573847182
img_741.bmp,Male,31.11167208039442,-0.20833240449428558,0.23694295,1.6362771,0.54627997,1.6362771,1.6362771,32.1894559966
img_3264.bmp,Female,31.23217336969457,-0.1941835731267929,0.49802768,1.2520391,0.61613774,1.2520391,1.2520391,24.3918918919
img_2260.bmp,Male,30.981579542705468,-0.2236074060201645,0.5184125,1.1497239,0.64153546,1.1497239,1.1497239,37.9706790123
img_2840.bmp,Male,31.053996919956294,-0.21510441601276398,0.3974943,1.3974584,0.5768882,1.3974584,1.3974584,34.6875
img_1235.bmp,Male,31.00328472969521,-0.22105886042118073,0.5319883,1.1686789,0.5780347,1.1686789,1.1686789,23.7316743827
img_3959.bmp,Male,30.995028814157404,-0.2220282405614853,0.5385501,1.2146429,0.60129297,1.2146429,1.2146429,20.9184685578
img_967.bmp,Female,31.257192903076316,-0.19124586880207062,0.42635003,1.3618232,0.6498482,1.3618232,1.3618232,36.2141113281
img_3579.bmp,Male,31.08355470678336,-0.2116338461637497,0.32582706,1.413444,0.55851066,1.413444,1.413444,33.084251607
img_1693.bmp,Male,31.064942029859488,-0.21381928026676178,0.41268802,1.3076923,0.5561497,1.3076923,1.3076923,24.9542113001
img_3703.bmp,Female,31.240148055656455,-0.1932472139596939,0.46807826,1.2842066,0.6215785,1.2842066,1.2842066,28.0323011807
img_310.bmp,Female,31.29832475909279,-0.18641631305217743,0.36375356,1.4281666,0.5416275,1.4281666,1.4281666,51.4892578125
img_3671.bmp,Female,31.22830062522764,-0.19463829696178436,0.5035871,1.2264729,0.60704607,1.2264729,1.2264729,26.3625
img_2814.bmp,Male,31.083553437696825,-0.21163399517536163,0.27861175,1.3951613,0.60115606,1.3951613,1.3951613,28.0550304558
img_2249.bmp,Female,31.248036697551342,-0.19232095777988434,0.3712487,1.2699574,0.6091049,1.2699574,1.2699574,21.1416796614
img_2111.bmp,Male,30.970485442043188,-0.22491003572940826,0.5870075,1.1454693,0.61271673,1.1454693,1.1454693,26.8506944444
img_4041.bmp,Female,31.241063067047417,-0.19313977658748627,0.50600386,1.3269819,0.64735925,1.3269819,1.3269819,53.7417355372
img_1574.bmp,Female,31.324312859317228,-0.1833648830652237,0.4282491,1.6138861,0.5656814,1.6138861,1.6138861,31.9269031142
img_3346.bmp,Female,31.255569741399423,-0.19143645465373993,0.44253078,1.3300041,0.5928798,1.3300041,1.3300041,33.4472318339
img_1404.bmp,Male,31.07520944755357,-0.21261371672153473,0.3391197,1.6081493,0.55255866,1.6081493,1.6081493,37.346875
img_678.bmp,Male,31.07956444490339,-0.21210236847400665,0.28720605,1.4019845,0.60270053,1.4019845,1.4019845,46.1565656566
img_1708.bmp,Male,31.05751609691487,-0.21469120681285858,0.37565005,1.430913,0.5805697,1.430913,1.430913,28.6019736842
img_315.bmp,Female,31.259947836124162,-0.19092239439487457,0.50144255,1.3479241,0.5524158,1.3479241,1.3479241,30.0354003906
img_3427.bmp,Female,31.24876566085643,-0.19223536550998688,0.4550961,1.3031318,0.5962393,1.3031318,1.3031318,25.3285462333
img_1799.bmp,Female,31.321751588874456,-0.18366561830043793,0.370222,1.5612729,0.5518737,1.5612729,1.5612729,27.2743342516
img_4083.bmp,Male,31.030989904000048,-0.21780581772327423,0.46200687,1.2111299,0.5834904,1.2111299,1.2111299,25.7243385251
img_2273.bmp,Female,31.271308952593177,-0.18958841264247894,0.4184379,1.3764333,0.581809,1.3764333,1.3764333,27.6325683594
img_1837.bmp,Female,31.260226527527013,-0.19088967144489288,0.46869856,1.3891828,0.60259074,1.3891828,1.3891828,24.0093826234
img_3714.bmp,Male,31.039159014018935,-0.21684662997722626,0.45456043,1.3014764,0.5801105,1.3014764,1.3014764,28.4069387755
img_2619.bmp,Female,31.24153973594956,-0.19308380782604218,0.42991403,1.2813636,0.631434,1.2813636,1.2813636,22.9168962351
img_478.bmp,Male,30.99603342305766,-0.2219102829694748,0.5449995,1.5033885,0.55082214,1.5033885,1.5033885,33.3599537037
img_2021.bmp,Female,31.25372322049256,-0.1916532665491104,0.43570086,1.3358594,0.6186471,1.3358594,1.3358594,30.5502929688
img_203.bmp,Male,31.061702813390294,-0.21419961750507355,0.3402891,1.3101456,0.61849713,1.3101456,1.3101456,22.9551020408
img_4047.bmp,Male,31.037819620091028,-0.21700389683246613,0.46062344,1.2765957,0.5777778,1.2765957,1.2765957,24.9542113001
img_1800.bmp,Male,31.157887135613883,-0.20290599763393402,0.18558134,1.7477605,0.53121775,1.7477605,1.7477605,50.4832374529
img_582.bmp,Male,31.045061281670918,-0.2161536067724228,0.39707428,1.3524065,0.6027014,1.3524065,1.3524065,41.5547006943
img_92.bmp,Female,31.287571535073525,-0.18767891824245453,0.4067735,1.4616029,0.5884752,1.4616029,1.4616029,35.1426170972
img_3011.bmp,Female,31.213286823896677,-0.19640116393566132,0.5314771,1.1896685,0.62735707,1.1896685,1.1896685,30.6634527089
img_55.bmp,Female,31.25065812269582,-0.19201315939426422,0.46192065,1.2727638,0.5436505,1.2727638,1.2727638,21.2846020761
img_1545.bmp,Female,31.232421856837913,-0.19415439665317535,0.52796054,1.2928169,0.64768344,1.2928169,1.2928169,30.7219238281
img_1725.bmp,Male,30.96617511653936,-0.2254161387681961,0.5655437,1.1312027,0.6400536,1.1312027,1.1312027,25.0337837838
img_3375.bmp,Male,31.005194197294156,-0.2208346575498581,0.46548504,1.1563555,0.62352943,1.1563555,1.1563555,23.3708444444
img_3857.bmp,Female,31.251138598857565,-0.19195674359798431,0.46578223,1.3028284,0.5741564,1.3028284,1.3028284,21.9458896982
img_2564.bmp,Male,31.058021193355376,-0.21463190019130707,0.3831719,1.296154,0.5942857,1.296154,1.296154,28.8851351351
img_1209.bmp,Female,31.248491030530488,-0.19226761162281036,0.45065463,1.2829843,0.5756295,1.2829843,1.2829843,21.7871900826
img_652.bmp,Male,31.063332320499857,-0.21400828659534454,0.4144923,1.4089844,0.5374608,1.4089844,1.4089844,47.4633487654
img_1261.bmp,Male,31.00399440288498,-0.22097553312778473,0.53565335,1.3243243,0.5821737,1.3243243,1.3243243,25.0647401013
img_3647.bmp,Male,31.05924713094715,-0.2144879549741745,0.34817362,1.3398677,0.6143583,1.3398677,1.3398677,26.1530407663
img_2962.bmp,Male,31.076196543059655,-0.21249781548976898,0.35476613,1.4633961,0.545,1.4633961,1.4633961,35.7332493174
img_2043.bmp,Male,31.026858519697505,-0.21829091012477875,0.5092057,1.2391471,0.5597225,1.2391471,1.2391471,30.5121527778
img_2991.bmp,Female,31.222690501295766,-0.1952970176935196,0.4740143,1.1761255,0.6061393,1.1761255,1.1761255,33.1017169615
img_3243.bmp,Female,31.246485619989578,-0.19250307977199554,0.4627991,1.3113053,0.6172643,1.3113053,1.3113053,36.3119834711
img_1470.bmp,Male,31.07308677341692,-0.21286295354366302,0.33663607,1.4021727,0.5776976,1.4021727,1.4021727,32.2532894737
img_2347.bmp,Male,31.090232893942186,-0.21084971725940704,0.29604805,1.4467242,0.56179774,1.4467242,1.4467242,23.6724489796
img_1442.bmp,Female,31.2808410615495,-0.18846918642520905,0.4284656,1.4098779,0.54757357,1.4098779,1.4098779,44.925443787
img_2611.bmp,Male,31.033864892634007,-0.2174682468175888,0.42165807,1.2501837,0.6170522,1.2501837,1.2501837,24.3897959184
img_103.bmp,Female,31.253569407204647,-0.19167132675647736,0.39664543,1.2770197,0.56613755,1.2770197,1.2770197,32.0949707031
img_703.bmp,Male,31.059466429100212,-0.21446220576763153,0.33602974,1.4561687,0.6036048,1.4561687,1.4561687,25.0337837838
img_2395.bmp,Female,31.23253252118367,-0.19414140284061432,0.5229677,1.2480681,0.5963995,1.2480681,1.2480681,33.084251607
img_136.bmp,Male,31.05229431346238,-0.21530432999134064,0.43679506,1.3428473,0.5582264,1.3428473,1.3428473,42.0825456837
img_363.bmp,Male,30.997794407532137,-0.22170351445674896,0.49445817,1.2451609,0.636499,1.2451609,1.2451609,35.5855912623
img_3232.bmp,Male,31.066196902624235,-0.21367193758487701,0.40529522,1.310032,0.55901057,1.310032,1.310032,32.6184210526
img_342.bmp,Male,31.00466651111335,-0.2208966165781021,0.478285,1.1557932,0.6136575,1.1557932,1.1557932,29.6424354866
img_2929.bmp,Male,31.040338756860873,-0.21670810878276825,0.42535836,1.2909908,0.60015666,1.2909908,1.2909908,28.1260813149
img_116.bmp,Male,31.06904447898906,-0.21333758533000946,0.35035798,1.4760859,0.5645161,1.4760859,1.4760859,39.1554054054
img_969.bmp,Male,31.058183636431718,-0.21461282670497894,0.36657804,1.2909496,0.6067743,1.2909496,1.2909496,24.4772923875
img_3362.bmp,Female,31.317545836101026,-0.18415944278240204,0.27125943,1.4821913,0.59991187,1.4821913,1.4821913,29.4440686785
img_3273.bmp,Female,31.221357198983224,-0.19545356929302216,0.4787513,1.2106146,0.6392024,1.2106146,1.2106146,19.5756293161
img_3079.bmp,Male,31.01285085017064,-0.21993564069271088,0.4829842,1.2859843,0.61386716,1.2859843,1.2859843,24.5307621671
img_842.bmp,Female,31.251337083991473,-0.19193343818187714,0.45550644,1.3212276,0.6020183,1.3212276,1.3212276,22.6713249127
img_485.bmp,Male,31.060182955357266,-0.21437807381153107,0.30979297,1.5369868,0.6140568,1.5369868,1.5369868,21.476294386
img_769.bmp,Female,31.24864027510688,-0.1922500878572464,0.53142804,1.4108909,0.62395597,1.4108909,1.4108909,40.2474938739
img_3167.bmp,Female,31.238179194807724,-0.19347839057445526,0.4022973,1.2183139,0.5898876,1.2183139,1.2183139,28.4301470588
img_1904.bmp,Male,31.03126224997023,-0.21777383983135223,0.423854,1.2418278,0.6212039,1.2418278,1.2418278,33.9023919753
img_3654.bmp,Male,31.031822678583612,-0.2177080363035202,0.47302547,1.3736835,0.56609714,1.3736835,1.3736835,29.0223306436
img_4029.bmp,Female,31.228390984188856,-0.19462768733501434,0.53756195,1.194078,0.55134255,1.194078,1.194078,32.5905769715
img_808.bmp,Male,31.076148063954058,-0.21250350773334503,0.35357904,1.4250202,0.5524862,1.4250202,1.4250202,42.4924444444
img_2076.bmp,Male,31.08100384285017,-0.21193335950374603,0.3437003,1.3590158,0.5595179,1.3590158,1.3590158,28.4780092593
img_1957.bmp,Male,31.10084271118312,-0.209603950381279,0.26650003,1.472324,0.55691963,1.472324,1.472324,33.7635135135
img_1097.bmp,Male,31.066892615862134,-0.21359024941921234,0.42943984,1.317005,0.53792566,1.317005,1.317005,33.2243441358
img_98.bmp,Male,31.043025920687807,-0.21639259159564972,0.4333479,1.3146758,0.5865922,1.3146758,1.3146758,29.285855981
img_795.bmp,Male,31.011114232157613,-0.2201395481824875,0.43336874,1.8055608,0.5663712,1.8055608,1.8055608,25.8244897959
img_2690.bmp,Female,31.29851740642864,-0.18639369308948517,0.3943289,1.4967177,0.57034904,1.4967177,1.4967177,44.7040863177
img_674.bmp,Male,31.052909566614026,-0.21523208916187286,0.39961916,1.3900079,0.57907593,1.3900079,1.3900079,38.211628425
img_3184.bmp,Male,31.075742463897814,-0.21255113184452057,0.33424658,1.392143,0.5745856,1.392143,1.392143,27.8912914104
img_454.bmp,Male,31.06221653961923,-0.21413929760456085,0.42554992,1.3251739,0.5493138,1.3251739,1.3251739,30.6634527089
img_465.bmp,Female,31.25471107745057,-0.1915372759103775,0.45579037,1.2607467,0.5070527,1.2607467,1.2607467,23.6274556213
img_4188.bmp,Male,31.039815639391588,-0.2167695313692093,0.459852,1.3743032,0.5598336,1.3743032,1.3743032,35.3040540541
img_1578.bmp,Male,31.10150822016151,-0.20952580869197845,0.26651478,1.4552451,0.5570197,1.4552451,1.4552451,39.6805795848
img_2064.bmp,Female,31.30913052329456,-0.18514753878116608,0.32959384,1.4616233,0.5525627,1.4616233,1.4616233,58.3544921875
img_3378.bmp,Male,31.072477104246023,-0.21293453872203827,0.37593305,1.4508792,0.5394292,1.4508792,1.4508792,60.0968283974
img_647.bmp,Female,31.246087126817926,-0.19254986941814423,0.47038493,1.3253986,0.6333849,1.3253986,1.3253986,36.8021831143
img_3860.bmp,Male,31.049154593377445,-0.21567298471927643,0.3619019,1.2718152,0.63095236,1.2718152,1.2718152,49.3379620942
img_3225.bmp,Male,31.036846484536813,-0.21711815893650055,0.47041854,1.212259,0.56136894,1.212259,1.212259,28.3503465658
img_655.bmp,Male,30.985156590009993,-0.2231874018907547,0.51597005,1.5331336,0.592117,1.5331336,1.5331336,24.8165509259
img_702.bmp,Male,31.04096416270479,-0.21663467586040497,0.4178619,1.3698133,0.59206563,1.3698133,1.3698133,38.5135135135
img_3913.bmp,Female,31.273696865815413,-0.1893080323934555,0.43433562,1.4014226,0.5738689,1.4014226,1.4014226,21.2846020761
img_2978.bmp,Male,31.039172212518885,-0.2168450802564621,0.38962632,1.5657706,0.59557956,1.5657706,1.5657706,26.6287878788
img_1282.bmp,Female,31.232920100211132,-0.1940958946943283,0.46737483,1.2247583,0.597539,1.2247583,1.2247583,39.5397153352
img_3028.bmp,Female,31.363846427752875,-0.17872299253940582,0.33053938,1.6524965,0.56133217,1.6524965,1.6524965,30.3813766986
img_840.bmp,Male,31.037037608968824,-0.21709571778774261,0.45162916,1.2219007,0.5811657,1.2219007,1.2219007,38.2418981481
img_1054.bmp,Female,31.264438879550422,-0.1903950721025467,0.42107555,1.2968857,0.50715524,1.2968857,1.2968857,36.8021831143
img_29.bmp,Male,31.024470860292578,-0.2185712605714798,0.4120671,1.172497,0.622467,1.172497,1.172497,20.3768115942
img_463.bmp,Female,31.20471693635038,-0.19740740954875946,0.58786184,1.1179284,0.62633055,1.1179284,1.1179284,25.3700155937
img_1969.bmp,Male,31.101106681182173,-0.2095729559659958,0.25751257,1.4375838,0.566772,1.4375838,1.4375838,25.1071428571
img_2466.bmp,Female,31.25134038361646,-0.1919330507516861,0.5097555,1.3287562,0.5797044,1.3287562,1.3287562,29.8565197429
img_1705.bmp,Male,30.982369422164183,-0.22351466119289398,0.53920925,1.2350488,0.63179487,1.2350488,1.2350488,22.4327364555
img_274.bmp,Male,31.05726050288694,-0.214721217751503,0.38395965,1.4387109,0.5728818,1.4387109,1.4387109,46.3700259516
img_2642.bmp,Male,31.050108438816345,-0.21556098759174347,0.4295165,1.2532833,0.5756915,1.2532833,1.2532833,39.3267746914
img_3108.bmp,Male,31.02921648247754,-0.21801404654979706,0.4147514,1.4470717,0.61335754,1.4470717,1.4470717,31.9269031142
img_1306.bmp,Male,31.07636253957829,-0.21247832477092743,0.42213398,1.2664089,0.5207859,1.2664089,1.2664089,36.6059171598
img_3143.bmp,Female,31.292254464383713,-0.18712906539440155,0.45681435,1.5525495,0.5855173,1.5525495,1.5525495,22.5941230487
img_1596.bmp,Male,31.069126461979153,-0.21332795917987823,0.32643026,1.5457876,0.5797591,1.5457876,1.5457876,33.3783783784
img_1451.bmp,Male,31.026508251814143,-0.21833203732967377,0.49009132,1.3209325,0.5737107,1.3209325,1.3209325,25.3589891975
img_1347.bmp,Male,31.055522361970073,-0.21492530405521393,0.43201903,1.2798471,0.5621004,1.2798471,1.2798471,30.3696
img_2005.bmp,Male,31.07885756370399,-0.21218536794185638,0.33639702,1.2880335,0.58026755,1.2880335,1.2880335,25.3971854652
img_2872.bmp,Female,31.23472677180083,-0.1938837617635727,0.46667627,1.2354192,0.5973088,1.2354192,1.2354192,30.7128754463
img_1045.bmp,Female,31.257478701363755,-0.19121231138706207,0.4228989,1.3307768,0.59302324,1.3307768,1.3307768,24.5307621671
img_134.bmp,Male,31.130585023192218,-0.20611171424388885,0.192252,1.7313441,0.58586985,1.7313441,1.7313441,47.0565200617
img_3553.bmp,Female,31.276179960527696,-0.18901647627353668,0.42349744,1.419561,0.59082323,1.419561,1.419561,24.7971781305
img_2967.bmp,Female,31.240596804654853,-0.19319452345371246,0.49457338,1.2775118,0.5952703,1.2775118,1.2775118,25.1021622694
img_2157.bmp,Male,31.079556830384185,-0.21210326254367828,0.32507563,1.4133836,0.56898266,1.4133836,1.4133836,42.0825456837
img_890.bmp,Male,31.085482449228394,-0.21140749752521515,0.3059266,1.4158962,0.5702939,1.4158962,1.4158962,33.9023919753
img_1851.bmp,Male,31.041670536269574,-0.2165517359972,0.48024073,1.2580281,0.5522681,1.2580281,1.2580281,23.75
img_1699.bmp,Female,31.197822750663477,-0.19821690022945404,0.55203074,1.1579769,0.68048453,1.1579769,1.1579769,27.2880473373
img_1866.bmp,Male,31.04145377628958,-0.2165771871805191,0.44417462,1.3320184,0.5777778,1.3320184,1.3320184,30.2620511803
img_957.bmp,Male,31.009561885509317,-0.22032181918621063,0.5039459,1.2043551,0.5977918,1.2043551,1.2043551,38.7431111111
img_812.bmp,Female,31.258242437639872,-0.1911226361989975,0.48176897,1.3100789,0.52904576,1.3100789,1.3100789,36.6145833333
img_2754.bmp,Male,31.05946744436944,-0.21446208655834198,0.4432908,1.2937659,0.5449049,1.2937659,1.2937659,30.1285714286
img_3131.bmp,Male,31.040078594121418,-0.21673865616321564,0.483993,1.2113094,0.54112214,1.2113094,1.2113094,25.7243385251
img_3557.bmp,Female,31.284362015229224,-0.18805576860904694,0.35531542,1.3704218,0.5754939,1.3704218,1.3704218,27.1129476584
img_2371.bmp,Male,31.0475705195658,-0.21585898101329803,0.4179413,1.3080654,0.58973265,1.3080654,1.3080654,25.8455882353
img_2852.bmp,Male,31.033339744626268,-0.21752990782260895,0.51178133,1.2541556,0.54300934,1.2541556,1.2541556,43.2615384615
img_1595.bmp,Male,30.997355557408707,-0.2217550426721573,0.526115,1.1088367,0.5635315,1.1088367,1.1088367,33.9109461967
img_2588.bmp,Female,31.25172491683624,-0.19188790023326874,0.4798741,1.3523219,0.6209106,1.3523219,1.3523219,49.3305858766
img_624.bmp,Male,31.045082602324687,-0.21615110337734222,0.4631241,1.3613911,0.5479811,1.3613911,1.3613911,29.6464100346
img_1940.bmp,Male,31.07709937121989,-0.21239180862903595,0.28932527,1.4755032,0.5943619,1.4755032,1.4755032,35.6186666667
img_1531.bmp,Male,31.078745630271698,-0.21219851076602936,0.3466892,1.2846476,0.5741564,1.2846476,1.2846476,24.36357908
img_304.bmp,Male,31.106132263856523,-0.20898286998271942,0.29766247,1.6854324,0.5294118,1.6854324,1.6854324,51.7125164196
img_1354.bmp,Female,31.254010287866535,-0.19161956012248993,0.4228321,1.3306018,0.6181818,1.3306018,1.3306018,43.8917793965
img_841.bmp,Male,30.983260320910997,-0.22341005504131317,0.5512535,1.2018331,0.61636883,1.2018331,1.2018331,26.9863040123
img_1589.bmp,Male,31.068794976576488,-0.21336688101291656,0.36719182,1.3797007,0.5676808,1.3797007,1.3797007,26.9952
img_349.bmp,Male,31.067963724896767,-0.21346448361873627,0.3424978,1.3981708,0.5865922,1.3981708,1.3981708,27.7031337962
img_3466.bmp,Female,31.2474290589189,-0.19239230453968048,0.43791124,1.3006153,0.61234856,1.3006153,1.3006153,25.8218549128
img_1468.bmp,Female,31.22207804013449,-0.1953689306974411,0.45005667,1.2199954,0.6648281,1.2199954,1.2199954,36.3358564014
img_1366.bmp,Male,31.078727101608305,-0.21220068633556366,0.31888184,1.5743402,0.5621265,1.5743402,1.5743402,38.3682334596
img_3038.bmp,Male,31.089036145340696,-0.21099023520946503,0.29943046,1.5384054,0.5555556,1.5384054,1.5384054,36.1762234825
img_709.bmp,Female,31.256228904945146,-0.19135905802249908,0.40663713,1.2951443,0.5655601,1.2951443,1.2951443,26.289704142
img_3361.bmp,Male,31.06379858289242,-0.21395353972911835,0.34312484,1.3922069,0.5976123,1.3922069,1.3922069,27.7999614198
img_505.bmp,Male,31.093721866641257,-0.21044005453586578,0.23693386,1.4056934,0.6064402,1.4056934,1.4056934,31.1667387543
img_3410.bmp,Male,31.070206454619523,-0.2132011502981186,0.39124689,1.308536,0.56110436,1.308536,1.308536,28.8373469388
img_3477.bmp,Female,31.237610390223217,-0.1935451775789261,0.46242714,1.1950362,0.5357338,1.1950362,1.1950362,44.0934911243
img_3086.bmp,Male,31.07969693753753,-0.21208681166172028,0.3195795,1.4720289,0.56491715,1.4720289,1.4720289,38.6294386035
img_2869.bmp,Female,31.213652320818447,-0.19635824859142303,0.5005647,1.2268733,0.68,1.2268733,1.2268733,26.7888757396
img_514.bmp,Male,31.060047924550055,-0.21439392864704132,0.41074446,1.2534246,0.568306,1.2534246,1.2534246,24.36357908
img_2334.bmp,Male,31.070819677232716,-0.21312914788722992,0.3335619,1.3848076,0.5888071,1.3848076,1.3848076,38.0193877551
img_4097.bmp,Male,31.015722031544996,-0.21959851682186127,0.50693464,1.3286672,0.58104235,1.3286672,1.3286672,29.285855981
img_830.bmp,Female,31.24790115910952,-0.19233687222003937,0.479076,1.286692,0.568306,1.286692,1.286692,27.4357208448
img_452.bmp,Female,31.301986327560474,-0.18598638474941254,0.3538347,1.4277706,0.5302742,1.4277706,1.4277706,36.4878892734
img_135.bmp,Male,31.100151059022128,-0.20968516170978546,0.25250825,1.5534062,0.5660377,1.5534062,1.5534062,37.2926311728
img_1753.bmp,Male,31.0356789249256,-0.21725524961948395,0.4585254,1.2382755,0.5838555,1.2382755,1.2382755,26.6287878788
img_255.bmp,Male,31.034758837188505,-0.21736328303813934,0.42862064,1.2185675,0.6061393,1.2185675,1.2185675,38.6487268519
img_1538.bmp,Male,31.035630445820004,-0.21726094186306,0.40903142,1.5484598,0.58806324,1.5484598,1.5484598,34.4531075963
img_3650.bmp,Male,31.042311678786515,-0.2164764553308487,0.45131168,1.3288832,0.57100636,1.3288832,1.3288832,35.3544755114
img_1493.bmp,Female,31.245389890676186,-0.19263173639774323,0.48599914,1.2993162,0.595421,1.2993162,1.2993162,30.1792929293
img_718.bmp,Male,31.032467374542847,-0.21763233840465546,0.43450475,1.4552028,0.58774,1.4552028,1.4552028,33.7153061224
img_3282.bmp,Female,31.31316012685708,-0.18467439711093903,0.34793717,1.5157843,0.55787176,1.5157843,1.5157843,46.8249053241
img_381.bmp,Male,31.061979220437383,-0.21416716277599335,0.33812317,1.3598202,0.6116694,1.3598202,1.3598202,38.1283783784
img_2855.bmp,Male,31.101573451209354,-0.20951814949512482,0.2607788,1.4332166,0.5635359,1.4332166,1.4332166,45.0017301038
img_1308.bmp,Female,31.281303262865155,-0.18841491639614105,0.38321745,1.3709731,0.5602118,1.3709731,1.3709731,40.992194674
img_739.bmp,Female,31.223958318743158,-0.19514815509319305,0.51592356,1.2129477,0.6057585,1.2129477,1.2129477,29.0495867769
img_1452.bmp,Male,31.051689974454924,-0.21537528932094574,0.39880726,1.30794,0.5955056,1.30794,1.30794,31.7908220094
img_1252.bmp,Female,31.27366564628668,-0.1893116980791092,0.42339677,1.3892493,0.57495624,1.3892493,1.3892493,33.4680175781
img_2733.bmp,Female,31.217586742890926,-0.19589628279209137,0.56300795,1.2394117,0.6333581,1.2394117,1.2394117,26.3060146924
img_2616.bmp,Female,31.21802077048553,-0.1958453208208084,0.46715826,1.1675558,0.6261238,1.1675558,1.1675558,29.7839053254
img_600.bmp,Female,31.23908430732372,-0.19337211549282074,0.48370272,1.1982124,0.4781716,1.1982124,1.1982124,35.1843261719
img_2594.bmp,Male,31.075566314686906,-0.21257181465625763,0.3788685,1.3529356,0.5465119,1.3529356,1.3529356,39.5975510204
img_2480.bmp,Male,31.086315223811958,-0.21130971610546112,0.38290825,1.3764669,0.5115669,1.3764669,1.3764669,53.8010204082
img_3759.bmp,Male,30.984080150811916,-0.22331379354000092,0.59106797,1.198167,0.58051395,1.198167,1.198167,30.0427350427
img_1690.bmp,Male,31.052044557232502,-0.21533365547657013,0.41791636,1.318138,0.57853574,1.318138,1.318138,36.9559611188
img_3771.bmp,Female,31.24083310856747,-0.19316677749156952,0.4224897,1.2715209,0.62794375,1.2715209,1.2715209,28.7855621302
img_1170.bmp,Male,31.037884597321565,-0.21699626743793488,0.4715924,1.3238124,0.5642311,1.3238124,1.3238124,33.4695496925
img_3509.bmp,Female,31.240078002079784,-0.1932554394006729,0.4925014,1.321092,0.6544708,1.321092,1.321092,20.593120129
img_2699.bmp,Male,31.00785369503465,-0.22052238881587982,0.49058437,1.2371253,0.6175146,1.2371253,1.2371253,32.5462962963
img_2383.bmp,Male,31.162505087693535,-0.2023637741804123,0.14995876,1.7684529,0.56438565,1.7684529,1.7684529,35.4324324324
img_1841.bmp,Male,31.063734367113803,-0.21396107971668243,0.3958848,1.3558514,0.5630877,1.3558514,1.3558514,30.3415274911
img_2989.bmp,Male,31.06827617400142,-0.21342779695987701,0.3684798,1.335811,0.5765204,1.335811,1.335811,29.7610052285
img_1165.bmp,Female,31.246200836971365,-0.19253651797771454,0.45007303,1.2939955,0.6046928,1.2939955,1.2939955,23.8852157943
img_3234.bmp,Female,31.30633624856416,-0.18547563254833221,0.37408453,1.4927762,0.5422771,1.4927762,1.4927762,38.464316609
img_4066.bmp,Male,31.08062210162076,-0.21197818219661713,0.369783,1.3709091,0.5373561,1.3709091,1.3709091,33.9023919753
img_866.bmp,Male,31.057906467932707,-0.2146453708410263,0.42788008,1.3577429,0.55023295,1.3577429,1.3577429,33.4955632716
img_4108.bmp,Male,31.044871933960057,-0.216175839304924,0.46838924,1.3131874,0.5541364,1.3131874,1.3131874,24.6293252595
img_409.bmp,Male,31.092664971375804,-0.21056415140628815,0.32715267,1.3341641,0.54857117,1.3341641,1.3341641,25.8455882353
img_3178.bmp,Male,31.078006768091647,-0.21228526532649994,0.35288972,1.4920019,0.5390011,1.4920019,1.4920019,31.7464818315
img_3782.bmp,Male,31.050714808362255,-0.21548978984355927,0.44693583,1.2829425,0.5610332,1.2829425,1.2829425,45.6098615917
img_245.bmp,Male,31.07548306261028,-0.2125815898180008,0.3458673,1.4911925,0.55097485,1.4911925,1.4911925,33.0511803214
img_1350.bmp,Female,31.254700417123683,-0.19153852760791779,0.41313446,1.3167579,0.5995206,1.3167579,1.3167579,30.9964726631
img_2460.bmp,Male,31.007021935720317,-0.2206200510263443,0.50882095,1.5128119,0.5656115,1.5128119,1.5128119,39.1512586322
img_2368.bmp,Male,31.08762771310534,-0.21115560829639435,0.32206103,1.3664122,0.5586592,1.3664122,1.3664122,27.0435353725
img_2769.bmp,Male,31.062997789289515,-0.21404756605625153,0.35044873,1.3888888,0.5942857,1.3888888,1.3888888,39.7972972973
img_1694.bmp,Female,31.267301431136346,-0.19005896151065826,0.4148958,1.3510611,0.5771585,1.3510611,1.3510611,31.7517089844
img_2853.bmp,Male,30.97196164349945,-0.22473670542240143,0.545362,1.0966728,0.6276059,1.0966728,1.0966728,29.2847337278
img_1709.bmp,Male,31.050726483958364,-0.21548841893672943,0.43976837,1.2393296,0.5641168,1.2393296,1.2393296,24.3421052632
img_3459.bmp,Female,31.233259707767612,-0.19405601918697357,0.5375,1.2556813,0.592268,1.2556813,1.2556813,22.9551020408
img_2451.bmp,Male,31.08051016818847,-0.2119913250207901,0.32516608,1.439834,0.5627834,1.439834,1.439834,26.1200975793
img_976.bmp,Female,31.28276829635992,-0.18824289739131927,0.38191563,1.3732368,0.55547845,1.3732368,1.3732368,33.2781065089
img_2765.bmp,Female,31.204317935544115,-0.19745425879955292,0.54091126,1.14992,0.64755154,1.14992,1.14992,29.6269510926
img_2518.bmp,Female,31.241269928152448,-0.1931154876947403,0.43808737,1.268041,0.61142856,1.268041,1.268041,22.2379149031
img_1044.bmp,Female,31.306646920947664,-0.18543915450572968,0.3219912,1.4690906,0.5877306,1.4690906,1.4690906,29.0495867769
img_2774.bmp,Male,31.041426364020445,-0.21658040583133698,0.42480034,1.3719261,0.58531386,1.3719261,1.3719261,27.4026530612
img_1517.bmp,Male,31.063905439978576,-0.21394099295139313,0.38606766,1.2796259,0.579336,1.2796259,1.2796259,23.0859448302
img_1733.bmp,Male,31.042224111815674,-0.21648673713207245,0.4033691,1.2442386,0.61349696,1.2442386,1.2442386,26.0460526316
img_1237.bmp,Male,31.042895966226734,-0.21640785038471222,0.43083715,1.3205645,0.5875706,1.3205645,1.3205645,21.4104179794
img_2602.bmp,Male,31.030932795106022,-0.21781252324581146,0.42807925,1.3536451,0.6086051,1.3536451,1.3536451,32.5462962963
img_1469.bmp,Female,31.20626420665254,-0.19722573459148407,0.48835522,1.1863208,0.6871393,1.1863208,1.1863208,26.9098183391
img_2267.bmp,Male,31.0542403307535,-0.21507583558559418,0.4416028,1.3126724,0.55646414,1.3126724,1.3126724,26.2831337954
img_638.bmp,Male,31.087165765606994,-0.21120984852313995,0.30425757,1.6474333,0.5510357,1.6474333,1.6474333,41.722972973
img_2346.bmp,Male,31.02786414386699,-0.2181728333234787,0.46617845,1.4825548,0.56495345,1.4825548,1.4825548,33.7153061224
img_3033.bmp,Male,31.074782526843553,-0.21266384422779083,0.29152048,1.503601,0.59659094,1.503601,1.503601,31.0147058824
img_427.bmp,Male,30.970676058840585,-0.2248876541852951,0.5287267,1.5720524,0.5780181,1.5720524,1.5720524,25.7905325444
img_3939.bmp,Male,31.04543236257344,-0.21611003577709198,0.47119534,1.3152921,0.5499951,1.3152921,1.3152921,24.6588951901
img_1456.bmp,Male,31.06144341210276,-0.21423007547855377,0.36811888,1.4067252,0.5809944,1.4067252,1.4067252,45.5743243243
img_3391.bmp,Female,31.250813712704883,-0.19199489057064056,0.50266266,1.3064755,0.5604777,1.3064755,1.3064755,29.1772460938
img_3996.bmp,Male,31.021629375543114,-0.21890489757061005,0.45617875,1.5734819,0.57708013,1.5734819,1.5734819,37.3020408163
img_3784.bmp,Female,31.269564212426335,-0.18979327380657196,0.42289126,1.3805149,0.59081167,1.3805149,1.3805149,34.951625907
img_137.bmp,Male,31.031469618709874,-0.2177494913339615,0.48754868,1.2435076,0.568285,1.2435076,1.2435076,37.8004620878
img_547.bmp,Male,31.029551013687882,-0.21797476708889008,0.53000486,1.1724526,0.5087551,1.1724526,1.1724526,27.4058810425
img_1400.bmp,Male,30.98062163618966,-0.22371987998485565,0.4577379,1.6940073,0.60217273,1.6940073,1.6940073,33.7484626066
img_161.bmp,Male,30.992711208329148,-0.22230036556720734,0.5493049,1.139393,0.5721428,1.139393,1.139393,19.3663911846
img_1829.bmp,Female,31.315725966011374,-0.18437312543392181,0.26342165,1.414805,0.5497382,1.414805,1.414805,31.8820861678
img_1507.bmp,Female,31.277084057774463,-0.1889103204011917,0.4322751,1.4107573,0.56593406,1.4107573,1.4107573,30.0179063361
img_4159.bmp,Female,31.234029028024477,-0.19396568834781647,0.49214602,1.2149067,0.5673351,1.2149067,1.2149067,25.9162597656
img_3618.bmp,Male,31.028899718478673,-0.2180512398481369,0.47581467,1.3001565,0.58471143,1.3001565,1.3001565,31.5632653061
img_911.bmp,Female,31.418337196260072,-0.17232488095760345,0.18834049,1.7145295,0.55609906,1.7145295,1.7145295,40.5610985135
img_1009.bmp,Female,31.23152207448536,-0.19426004588603973,0.4682621,1.203432,0.58646035,1.203432,1.203432,37.3020408163
img_3318.bmp,Male,31.079443881682664,-0.2121165245771408,0.36065763,1.2973914,0.56216216,1.2973914,1.2973914,38.7702702703
img_1948.bmp,Male,31.067900016752766,-0.21347196400165558,0.31032893,1.5624378,0.5942857,1.5624378,1.5624378,34.9675605536
img_3413.bmp,Male,31.018109437132615,-0.2193181961774826,0.4970177,1.340438,0.5819209,1.340438,1.340438,25.0877700617
img_2068.bmp,Male,31.068821627393703,-0.21336375176906586,0.31021863,1.4289657,0.60574126,1.4289657,1.4289657,42.0389660494
img_934.bmp,Female,31.25973666012492,-0.19094718992710114,0.43636551,1.3099803,0.54415995,1.3099803,1.3099803,30.1792929293
img_3548.bmp,Male,31.11045299586993,-0.20847554504871368,0.27648863,1.6328199,0.51937926,1.6328199,1.6328199,36.045505528
img_2445.bmp,Female,31.264048254715277,-0.19044093787670135,0.4645134,1.3569084,0.5541123,1.3569084,1.3569084,21.6975308642
img_1217.bmp,Female,31.241108500345334,-0.19313444197177887,0.53548753,1.2991432,0.595421,1.2991432,1.2991432,22.9569636678
img_2663.bmp,Male,30.98017085665281,-0.2237728089094162,0.52607113,1.1215894,0.62171423,1.1215894,1.1215894,33.744
img_1142.bmp,Male,31.083467901264438,-0.2116440385580063,0.2835487,1.4522433,0.58711123,1.4522433,1.4522433,31.7960722079
img_1008.bmp,Female,31.267945111826354,-0.18998338282108307,0.38367826,1.3305575,0.5592417,1.3305575,1.3305575,46.6275510204
img_848.bmp,Male,31.05903138623638,-0.21451328694820404,0.4226228,1.2760863,0.56172645,1.2760863,1.2760863,39.7450902599
img_4191.bmp,Female,31.32101551868478,-0.18375204503536224,0.2980737,1.5319844,0.5933772,1.5319844,1.5319844,42.5692041522
img_998.bmp,Female,31.282680983206387,-0.18825314939022064,0.42754725,1.4230307,0.5512225,1.4230307,1.4230307,40.8481445312
img_1446.bmp,Female,31.253857997482463,-0.19163744151592255,0.4319756,1.3101442,0.5852494,1.3101442,1.3101442,38.0082179931
img_2090.bmp,Female,31.27573045007738,-0.1890692561864853,0.3856108,1.3526732,0.5597082,1.3526732,1.3526732,29.6951331497
img_2981.bmp,Female,31.216609546259804,-0.196011021733284,0.50788164,1.2167841,0.650111,1.2167841,1.2167841,34.6097126309
img_3665.bmp,Male,31.07556834522536,-0.21257157623767853,0.30988818,1.3863537,0.59562844,1.3863537,1.3863537,31.1644018712
img_3310.bmp,Female,31.250990877185018,-0.19197408854961395,0.40294036,1.291991,0.59871715,1.291991,1.291991,34.698117539
img_3919.bmp,Female,31.239657934437055,-0.19330476224422455,0.5095556,1.1992971,0.50393987,1.1992971,1.1992971,20.593120129
img_2672.bmp,Male,31.124929465962428,-0.20677576959133148,0.19988254,1.6568025,0.55427414,1.6568025,1.6568025,32.687067474
img_3896.bmp,Male,31.073876145241023,-0.2127702683210373,0.31733882,1.5370715,0.5764541,1.5370715,1.5370715,45.4786809494
img_1428.bmp,Female,31.236495116977203,-0.19367612898349762,0.49702895,1.1870228,0.52574915,1.1870228,1.1870228,30.6158579882
img_2287.bmp,Male,31.055030971664138,-0.2149830013513565,0.38607594,1.320084,0.59660316,1.320084,1.320084,27.3701333333
img_1563.bmp,Female,31.20596140260555,-0.1972612887620926,0.5651276,1.0981615,0.63680327,1.0981615,1.0981615,24.8864746094
img_1232.bmp,Male,31.05670058190817,-0.21478696167469025,0.46586105,1.3057166,0.5316442,1.3057166,1.3057166,32.2806122449
img_3125.bmp,Female,31.26735397131885,-0.190052792429924,0.375147,1.3351179,0.5853904,1.3351179,1.3351179,33.2002673201
img_2337.bmp,Female,31.24556705515632,-0.1926109343767166,0.5037497,1.2805856,0.5624302,1.2805856,1.2805856,30.7822485207
img_595.bmp,Male,31.07792047020734,-0.21229539811611176,0.28890622,1.5340027,0.5898039,1.5340027,1.5340027,26.1200975793
img_2140.bmp,Male,31.0371751779491,-0.21707956492900848,0.44668484,1.2851099,0.590566,1.2851099,1.2851099,30.4734471758
img_2206.bmp,Male,31.102076517111403,-0.2094590812921524,0.2391101,1.4473945,0.5780103,1.4473945,1.4473945,26.6228558699
img_2895.bmp,Male,31.04807485455438,-0.21579976379871368,0.3861669,1.3699832,0.6034483,1.3699832,1.3699832,32.0138303255
img_3750.bmp,Female,31.251197992107354,-0.1919497698545456,0.3744279,1.27808,0.5967875,1.27808,1.27808,35.1822773186
img_451.bmp,Male,31.005843208147606,-0.22075845301151276,0.5152138,1.4788369,0.5667802,1.4788369,1.4788369,24.7813581315
img_4070.bmp,Female,31.238402554037695,-0.1934521645307541,0.4841114,1.2508498,0.58318895,1.2508498,1.2508498,44.2199265381
img_3007.bmp,Male,31.03623478482746,-0.2171899825334549,0.44337487,1.2905877,0.59516764,1.2905877,1.2905877,27.3848684211
img_725.bmp,Female,31.238291889691936,-0.19346515834331512,0.4734066,1.266867,0.6087289,1.266867,1.266867,25.8401596303
img_2625.bmp,Male,31.057248065838905,-0.2147226780653,0.3255231,1.3846154,0.6296296,1.3846154,1.3846154,31.6142011834
img_2945.bmp,Female,31.23882998238232,-0.1934019774198532,0.47162092,1.3219078,0.6760409,1.3219078,1.3219078,22.1403376165
img_3957.bmp,Male,31.022504283799606,-0.21880216896533966,0.44644785,1.3709306,0.6093714,1.3709306,1.3709306,31.8941398866
img_1409.bmp,Male,31.057021406983946,-0.2147492915391922,0.41214734,1.3921005,0.5579945,1.3921005,1.3921005,24.9002004901
img_2379.bmp,Female,31.24681228286341,-0.19246472418308258,0.44390917,1.256675,0.5587385,1.256675,1.256675,35.7457627119
img_2402.bmp,Male,31.05969841811861,-0.21443496644496918,0.39149824,1.2802775,0.58426964,1.2802775,1.2802775,29.9831382662
img_2879.bmp,Male,31.032310515447254,-0.21765075623989105,0.4482103,1.2773472,0.59991187,1.2773472,1.2773472,37.2926311728
img_1212.bmp,Female,31.29060769769729,-0.18732242286205292,0.4093948,1.4138592,0.5173243,1.4138592,1.4138592,40.1001183432
img_2734.bmp,Female,31.249959871284855,-0.19209514558315277,0.4798741,1.3278291,0.6049027,1.3278291,1.3278291,27.0665972945
img_424.bmp,Male,31.035132963898704,-0.21731935441493988,0.43821368,1.4813739,0.57450676,1.4813739,1.4813739,38.0953947368
img_2515.bmp,Male,31.08735866676015,-0.2111871987581253,0.40726817,1.2893703,0.51176584,1.2893703,1.2893703,23.4776307498
img_3457.bmp,Male,31.082558473854228,-0.2117508202791214,0.29957116,1.5766491,0.568306,1.5766491,1.5766491,35.6183148808
img_2450.bmp,Male,31.085511384401368,-0.21140410006046295,0.32153195,1.5487382,0.54582864,1.5487382,1.5487382,48.8102833552
img_2930.bmp,Male,31.041218233828882,-0.21660484373569489,0.49080867,1.2141355,0.5337105,1.2141355,1.2141355,26.9150962111
img_528.bmp,Female,31.248208785685343,-0.19230075180530548,0.45032877,1.3107656,0.61262465,1.3107656,1.3107656,32.9448223734
img_2417.bmp,Female,31.252745262409515,-0.1917680948972702,0.4077395,1.2902244,0.58183736,1.2902244,1.2902244,25.8218549128
img_2230.bmp,Male,31.06247924053175,-0.2141084522008896,0.3922551,1.4239203,0.55558723,1.4239203,1.4239203,35.8673469388
img_1264.bmp,Male,31.061808401389918,-0.21418721973896027,0.41566265,1.3308579,0.55675673,1.3308579,1.3308579,26.3983673469
img_1840.bmp,Male,31.074895221727765,-0.2126506119966507,0.3593851,1.3963442,0.5557605,1.3963442,1.3963442,38.3886282605
img_4135.bmp,Male,31.04878858882106,-0.21571595966815948,0.392822,1.3475426,0.5990228,1.3475426,1.3475426,22.7314024995
img_1811.bmp,Female,31.253968154193608,-0.1916245073080063,0.4746279,1.3668619,0.6198348,1.3668619,1.3668619,27.4544378698
img_3798.bmp,Female,31.273369187672355,-0.18934650719165802,0.4385645,1.3827128,0.5514895,1.3827128,1.3827128,39.4540816327
img_3489.bmp,Female,31.262816733142756,-0.19058553874492645,0.40382677,1.3546582,0.6308518,1.3546582,1.3546582,33.4674817898
img_3003.bmp,Female,31.374352179898025,-0.17748944461345673,0.33430776,1.6935917,0.5840407,1.6935917,1.6935917,22.4836425781
img_3414.bmp,Male,31.075069848034836,-0.21263010799884796,0.38251674,1.4416984,0.52910054,1.4416984,1.4416984,59.1824324324
img_2087.bmp,Female,31.28107635019289,-0.18844155967235565,0.32911393,1.3513391,0.58748627,1.3513391,1.3513391,25.6035379813
img_270.bmp,Female,31.271394489025564,-0.1895783692598343,0.48917875,1.3887188,0.5123805,1.3887188,1.3887188,35.4245401864
img_471.bmp,Male,31.061684538544206,-0.21420176327228546,0.41209227,1.3163065,0.56276596,1.3163065,1.3163065,26.5794753086
img_1715.bmp,Female,31.243975874460084,-0.19279776513576508,0.41955617,1.2781687,0.6175509,1.2781687,1.2781687,38.4453125
img_2370.bmp,Male,31.057836160538727,-0.2146536260843277,0.4497599,1.2693878,0.54280466,1.2693878,1.2693878,39.5285467128
img_1363.bmp,Male,31.055733030334707,-0.21490056812763214,0.37637317,1.3734264,0.5943619,1.3734264,1.3734264,25.8398306973
img_2583.bmp,Female,31.206516754872794,-0.1971960812807083,0.521593,1.17598,0.65580857,1.17598,1.17598,19.4834971025
img_3850.bmp,Male,31.06000985195404,-0.21439839899539948,0.34390047,1.3581705,0.61227256,1.3581705,1.3581705,34.864114263
img_3138.bmp,Male,31.049173629675455,-0.21567074954509735,0.40255043,1.4172739,0.5811701,1.4172739,1.4172739,37.8759183673
img_2871.bmp,Male,31.072783461735312,-0.21289856731891632,0.3458287,1.3549609,0.57923496,1.3549609,1.3549609,30.3415274911
img_693.bmp,Male,31.055688104671404,-0.21490584313869476,0.4323313,1.27134,0.56147885,1.27134,1.27134,23.4907551793
img_2675.bmp,Female,31.28870863660792,-0.18754540383815765,0.34849924,1.3889946,0.5770581,1.3889946,1.3889946,30.20703125
img_2307.bmp,Male,31.043953115309495,-0.21628372371196747,0.42771304,1.3259168,0.5865922,1.3259168,1.3259168,22.4662162162
img_2831.bmp,Male,31.066659865391813,-0.21361757814884186,0.37024346,1.3012743,0.58485067,1.3012743,1.3012743,25.1021622694
img_1548.bmp,Male,31.093087069556987,-0.2105145901441574,0.36134475,1.347203,0.51773787,1.347203,1.347203,38.6487268519
img_3707.bmp,Male,31.06436408785194,-0.21388714015483856,0.40944988,1.3457094,0.5531915,1.3457094,1.3457094,23.7335526316
img_1483.bmp,Male,31.00293243127339,-0.22110022604465485,0.5297436,1.1184634,0.5477835,1.1184634,1.1184634,25.1966597861
img_631.bmp,Female,31.217807310130524,-0.19587038457393646,0.46414515,1.1582434,0.621118,1.1582434,1.1582434,31.6142011834
img_450.bmp,Male,31.066284469595075,-0.21366165578365326,0.37070158,1.3969465,0.568306,1.3969465,1.3969465,32.2309688581
img_2519.bmp,Female,31.22831560044874,-0.1946365386247635,0.5302712,1.2426451,0.6083465,1.2426451,1.2426451,20.6718645578
img_1176.bmp,Female,31.24713285412188,-0.19242708384990692,0.456345,1.2738415,0.5702977,1.2738415,1.2738415,47.8231292517
img_2330.bmp,Male,31.078075044947173,-0.21227724850177765,0.35182908,1.3755027,0.5573022,1.3755027,1.3755027,25.9389010117
img_903.bmp,Female,31.259523707404526,-0.1909721940755844,0.46558443,1.3797799,0.60196877,1.3797799,1.3797799,32.9453254438
img_1598.bmp,Male,31.10299635103119,-0.2093510776758194,0.29401106,1.5310773,0.52780527,1.5310773,1.5310773,31.8502040816
img_3005.bmp,Female,31.20430549849608,-0.19745571911334991,0.5215548,1.1015128,0.6624645,1.1015128,1.1015128,29.9407894737
img_2952.bmp,Female,31.262816986960065,-0.19058550894260406,0.45946428,1.3718767,0.579792,1.3718767,1.3718767,29.8565197429
img_603.bmp,Male,31.150464502294255,-0.20377753674983978,0.16012496,1.7509285,0.575914,1.7509285,1.7509285,26.5418367347
img_3102.bmp,Female,31.23840204640308,-0.19345222413539886,0.47909817,1.2854702,0.6280962,1.2854702,1.2854702,39.5397153352
img_84.bmp,Female,31.278807477287536,-0.18870796263217926,0.35783288,1.3560841,0.5800286,1.3560841,1.3560841,41.5003341501
img_2115.bmp,Male,31.084608556241133,-0.21151010692119598,0.43056738,1.2971531,0.5002772,1.2971531,1.2971531,32.4240816327
img_1539.bmp,Male,31.04132128365544,-0.21659274399280548,0.46979576,1.324459,0.5581239,1.324459,1.324459,23.3341501448
img_3185.bmp,Male,31.00082117891555,-0.2213481217622757,0.5384964,1.1579057,0.571759,1.1579057,1.1579057,21.6157508431
img_2342.bmp,Male,31.066138524643673,-0.21367879211902618,0.3729491,1.3235323,0.5817129,1.3235323,1.3235323,28.12
img_2809.bmp,Female,31.290779278196677,-0.18730227649211884,0.41679657,1.5068303,0.6013598,1.5068303,1.5068303,21.9485766758
img_2743.bmp,Male,31.012181533932647,-0.22001422941684723,0.45974857,1.2749777,0.6346281,1.2749777,1.2749777,27.8912914104
img_545.bmp,Male,31.08457251418357,-0.21151433885097504,0.29233813,1.4558952,0.5769231,1.4558952,1.4558952,53.0836734694
img_978.bmp,Male,31.075819878176386,-0.21254204213619232,0.2955732,1.497873,0.591069,1.497873,1.497873,28.2634693878
img_3349.bmp,Male,31.03143763772922,-0.21775324642658234,0.46904716,1.2046427,0.5733313,1.2046427,1.2046427,26.4438657407
img_2661.bmp,Male,31.011404852973882,-0.22010542452335358,0.49347028,1.2570866,0.60765135,1.2570866,1.2570866,25.8401596303
img_2628.bmp,Male,31.048462687399148,-0.21575422585010529,0.42272785,1.3283925,0.58026755,1.3283925,1.3283925,33.3783783784
img_396.bmp,Male,31.06441282077484,-0.21388141810894012,0.38352945,1.3781745,0.56585723,1.3781745,1.3781745,34.4531075963
img_1795.bmp,Male,31.04044637539895,-0.21669547259807587,0.451395,1.2661288,0.5797591,1.2661288,1.2661288,26.2831337954
img_3877.bmp,Male,31.075570375763817,-0.21257133781909943,0.35878146,1.4545,0.5448318,1.4545,1.4545,29.1560570988
img_1820.bmp,Male,31.05794657106718,-0.21464066207408905,0.38875803,1.297916,0.5900847,1.297916,1.297916,38.7843364198
img_2546.bmp,Male,31.039902444910506,-0.2167593389749527,0.4492306,1.2671854,0.5826508,1.2671854,1.2671854,37.8759183673
img_1017.bmp,Male,30.97947590486683,-0.2238544076681137,0.54249346,1.147723,0.6257975,1.147723,1.147723,29.9831382662
img_3172.bmp,Female,31.251575418442542,-0.1919054538011551,0.46590805,1.3152862,0.5865098,1.3152862,1.3152862,28.693877551
img_898.bmp,Female,31.23536486851009,-0.19380883872509003,0.48435146,1.21425,0.56136894,1.21425,1.21425,25.4990817264
img_2124.bmp,Male,31.07510182901549,-0.2126263529062271,0.36904222,1.3575228,0.5545138,1.3575228,1.3575228,32.9117238643
img_1114.bmp,Female,31.290969894994074,-0.18727989494800568,0.42996034,1.4516318,0.52332354,1.4516318,1.4516318,37.2719982179
img_3642.bmp,Female,31.244812963937864,-0.19269947707653046,0.4566021,1.2612714,0.5699503,1.2612714,1.2612714,25.8398306973
img_1742.bmp,Male,31.070459002839772,-0.21317149698734283,0.38878545,1.4017192,0.5423781,1.4017192,1.4017192,33.9023919753
img_1145.bmp,Female,31.20467581794668,-0.19741223752498627,0.56424755,1.1274152,0.63095236,1.1274152,1.1274152,29.7984429066
img_3672.bmp,Male,31.120843514957798,-0.2072555273771286,0.21639593,1.6083204,0.54349566,1.6083204,1.6083204,41.3149678604
img_3951.bmp,Female,31.245649545781028,-0.1926012486219406,0.48765713,1.2977954,0.59106785,1.2977954,1.2977954,34.9229226999
img_1260.bmp,Male,31.034678884736866,-0.21737267076969147,0.4477869,1.381859,0.58003086,1.381859,1.381859,33.6395196097
img_37.bmp,Female,31.23268887264465,-0.1941230446100235,0.45574632,1.1809634,0.5247525,1.1809634,1.1809634,22.044766436
img_2361.bmp,Female,31.273038463721612,-0.1893853396177292,0.3906344,1.3836591,0.61267924,1.3836591,1.3836591,23.3341501448
img_3899.bmp,Female,31.28538413752365,-0.1879357546567917,0.44616535,1.4503936,0.53770304,1.4503936,1.4503936,24.6257988166
img_2979.bmp,Male,30.99978535048656,-0.22146974503993988,0.45835152,1.4343073,0.63827974,1.4343073,1.4343073,25.0149219467
img_2857.bmp,Male,31.053932196543062,-0.21511201560497284,0.3656919,1.4911855,0.587203,1.4911855,1.4911855,30.9944888889
img_1547.bmp,Male,30.982951932883253,-0.22344626486301422,0.54498625,1.2184423,0.62409467,1.2184423,1.2184423,23.7316743827
img_1412.bmp,Female,31.230345885085715,-0.19439814984798431,0.5440101,1.2443558,0.5914317,1.2443558,1.2443558,25.9878176854
img_2957.bmp,Male,31.016560136292,-0.2195001095533371,0.49884883,1.3579851,0.5803037,1.3579851,1.3579851,24.306797099
img_948.bmp,Male,31.078225304792788,-0.21225960552692413,0.3390535,1.491658,0.55039865,1.491658,1.491658,45.5122912366
img_3779.bmp,Male,30.98952757785014,-0.2226741760969162,0.51320004,1.1763644,0.63454854,1.1763644,1.1763644,23.0536265432
img_2217.bmp,Male,31.028028617481787,-0.21815352141857147,0.44822818,1.3067809,0.6088632,1.3067809,1.3067809,36.8684444444
img_1.bmp,Male,31.062542441041142,-0.21410103142261505,0.33881366,1.4773755,0.59004456,1.4773755,1.4773755,26.4537197232
img_3480.bmp,Male,31.067485533090785,-0.21352063119411469,0.34001064,1.3767859,0.5933772,1.3767859,1.3767859,27.3848684211
img_2318.bmp,Female,31.22907908290755,-0.1945468932390213,0.49975044,1.2461225,0.62896305,1.2461225,1.2461225,29.0495867769
img_0.bmp,Male,31.05977177132027,-0.21442635357379913,0.37057897,1.4124569,0.58227885,1.4124569,1.4124569,34.2073961938
img_838.bmp,Female,31.304580086618515,-0.18568183481693268,0.3541408,1.4829977,0.5714286,1.4829977,1.4829977,35.5804081633
img_1520.bmp,Male,31.049245967607888,-0.21566225588321686,0.41998982,1.3434701,0.5776976,1.3434701,1.3434701,25.8401596303
img_4002.bmp,Female,31.272408996800785,-0.18945924937725067,0.42483276,1.3583704,0.54810196,1.3583704,1.3583704,40.0297304107
img_918.bmp,Male,31.101148053403183,-0.2095680981874466,0.24567293,1.5804896,0.5675676,1.5804896,1.5804896,32.687067474
img_4061.bmp,Female,31.24497667610074,-0.1926802545785904,0.5138652,1.3266557,0.61605996,1.3266557,1.3266557,32.1133727811
img_772.bmp,Female,31.309153113034863,-0.18514488637447357,0.34657654,1.4515805,0.51794875,1.4515805,1.4515805,41.19140625
img_1130.bmp,Female,31.241663091160657,-0.19306932389736176,0.46340975,1.2680827,0.5942857,1.2680827,1.2680827,24.2079889807
img_557.bmp,Male,30.98948899761951,-0.22267870604991913,0.52097,1.1796796,0.62794375,1.1796796,1.1796796,28.7448888889
img_2513.bmp,Male,31.01364809033125,-0.21984203159809113,0.48805213,1.3138897,0.6052194,1.3138897,1.3138897,30.6945867677
img_3525.bmp,Male,31.00646506054923,-0.2206854373216629,0.50758004,1.1519415,0.5810056,1.1519415,1.1519415,29.9946666667
img_2501.bmp,Male,31.076894540653313,-0.21241585910320282,0.32378334,1.3785151,0.58238244,1.3785151,1.3785151,26.6228558699
img_953.bmp,Female,31.24082524023096,-0.19316770136356354,0.513364,1.2533445,0.5547796,1.2533445,1.2533445,21.96875
img_3608.bmp,Male,31.015866453592555,-0.21958155930042267,0.47890788,1.4253808,0.58592546,1.4253808,1.4253808,32.074985122
img_62.bmp,Female,31.271417078765868,-0.18957571685314178,0.5271491,1.4712851,0.543602,1.4712851,1.4712851,33.2990677753
img_1658.bmp,Male,31.042431734372624,-0.21646235883235931,0.41530827,1.3189276,0.6010657,1.3189276,1.3189276,37.2480536332
img_551.bmp,Male,31.074369566085416,-0.2127123326063156,0.34986466,1.3800007,0.56749296,1.3800007,1.3800007,35.9459459459
img_828.bmp,Male,31.074026151269333,-0.21275265514850616,0.39404887,1.4036436,0.52879584,1.4036436,1.4036436,38.3910943079
img_2826.bmp,Female,31.253394527080275,-0.19169186055660248,0.5489114,1.3755822,0.56944245,1.3755822,1.3755822,39.1512586322
img_3807.bmp,Male,31.032610527503873,-0.2176155298948288,0.4531973,1.4040215,0.5755822,1.4040215,1.4040215,27.7584940312
img_1373.bmp,Female,31.22597312052442,-0.19491158425807953,0.52254516,1.2552031,0.63888323,1.2552031,1.2552031,25.8218549128
img_4132.bmp,Female,31.23464301208959,-0.19389359652996063,0.46570572,1.2753977,0.6478396,1.2753977,1.2753977,33.9436686391
img_394.bmp,Female,31.238605354065815,-0.19342835247516632,0.5218296,1.2708257,0.5851355,1.2708257,1.2708257,37.9258494031
img_2494.bmp,Male,31.073485774223187,-0.21281610429286957,0.3807602,1.4010481,0.54130703,1.4010481,1.4010481,37.6528040328
img_4179.bmp,Female,31.230560868344565,-0.19437290728092194,0.41801888,1.1876826,0.60809356,1.1876826,1.1876826,40.8481445312
img_97.bmp,Male,31.014264358752126,-0.2197696715593338,0.49387762,1.2089525,0.5963822,1.2089525,1.2089525,29.950295858
img_3749.bmp,Male,31.0258820845183,-0.2184055596590042,0.48145026,1.2964226,0.58653224,1.2964226,1.2964226,27.2591836735
img_1416.bmp,Male,31.06612710286487,-0.21368013322353363,0.40119267,1.3655841,0.5505188,1.3655841,1.3655841,40.1644736842
img_371.bmp,Male,31.070294529224977,-0.21319080889225006,0.32012606,1.3842081,0.6010657,1.3842081,1.3842081,41.4926222222
img_2709.bmp,Female,31.20489232410937,-0.19738681614398956,0.5360734,1.1549456,0.6488113,1.1549456,1.1549456,30.5020661157
img_1021.bmp,Male,30.98983571206058,-0.22263799607753754,0.5588433,1.3093196,0.5951901,1.3093196,1.3093196,24.4097222222
img_1071.bmp,Male,31.029530200668727,-0.21797721087932587,0.44584528,1.2029139,0.5987462,1.2029139,1.2029139,23.1081081081
img_2798.bmp,Female,31.213557139328405,-0.19636942446231842,0.45806128,1.1556185,0.6436369,1.1556185,1.1556185,29.1772460938
img_495.bmp,Male,31.057071662810692,-0.21474339067935944,0.4374756,1.1765094,0.5140754,1.1765094,1.1765094,27.9934210526
img_181.bmp,Male,31.08989937800107,-0.21088887751102448,0.24042809,1.4939193,0.60212725,1.4939193,1.4939193,25.9878176854
img_3248.bmp,Female,31.301667786840458,-0.1860237866640091,0.35501295,1.4703071,0.57608694,1.4703071,1.4703071,35.4245401864
img_1026.bmp,Female,31.248454734655617,-0.1922718733549118,0.45884803,1.2579669,0.54173774,1.2579669,1.2579669,34.1668319778
img_1148.bmp,Female,31.37182593624359,-0.17778606712818146,0.36618096,1.7054958,0.5698184,1.7054958,1.7054958,38.1020507812
img_2948.bmp,Male,31.11332874595581,-0.2081378847360611,0.26855433,1.5647322,0.5225537,1.5647322,1.5647322,43.0408163265
img_1432.bmp,Male,31.058094292739728,-0.2146233171224594,0.36110196,1.3780591,0.59991187,1.3780591,1.3780591,37.5534188034
img_3087.bmp,Male,31.0248383877528,-0.21852810680866241,0.44511962,1.2986885,0.61849713,1.2986885,1.2986885,24.6837928982
img_922.bmp,Male,31.068691926749935,-0.21337898075580597,0.36549595,1.440966,0.5590671,1.440966,1.440966,40.4423725451
img_1839.bmp,Female,31.23106647241968,-0.19431354105472565,0.49155006,1.2584695,0.6343418,1.2584695,1.2584695,30.7822485207
img_3015.bmp,Male,31.057593511193442,-0.21468211710453033,0.41114596,1.2798218,0.57369345,1.2798218,1.2798218,27.472972973
img_1987.bmp,Female,31.280250174859304,-0.1885385662317276,0.40330777,1.4257985,0.59770113,1.4257985,1.4257985,24.215921025
img_141.bmp,Male,31.033974795527843,-0.21745534241199493,0.4319337,1.3932595,0.5919631,1.3932595,1.3932595,32.5350346021
img_1271.bmp,Female,31.244529703823492,-0.19273273646831512,0.5010033,1.3021265,0.59603995,1.3021265,1.3021265,39.9337278107
img_2940.bmp,Male,31.082224704095804,-0.21179001033306122,0.31542844,1.5035723,0.5600535,1.5035723,1.5035723,51.8657777778
img_3637.bmp,Male,31.04995005681691,-0.2155795842409134,0.39894304,1.3349059,0.5942857,1.3349059,1.3349059,23.7316743827
img_391.bmp,Male,30.972703297669877,-0.22464962303638458,0.51391345,1.1043034,0.64768344,1.1043034,1.1043034,33.7667824074
img_3769.bmp,Male,31.092672839712314,-0.21056322753429413,0.27875695,1.4997308,0.5648906,1.4997308,1.4997308,43.0408163265
img_951.bmp,Male,31.03986741812217,-0.2167634516954422,0.446558,1.2928064,0.58485067,1.2928064,1.2928064,26.8287755102
img_323.bmp,Male,31.056495751341593,-0.21481101214885712,0.43349576,1.2267218,0.5479811,1.2267218,1.2267218,36.972972973
img_387.bmp,Male,31.021522264639653,-0.21891747415065765,0.56502676,1.2345302,0.5192153,1.2345302,1.2345302,33.2243441358
img_1929.bmp,Female,31.22320321225547,-0.19523681700229645,0.560299,1.1317511,0.5032262,1.1317511,1.1317511,24.9542113001
img_4112.bmp,Male,31.073401253060027,-0.21282602846622467,0.32766676,1.5556291,0.568466,1.5556291,1.5556291,42.8208359588
img_198.bmp,Male,31.0257023818651,-0.2184266597032547,0.43835616,1.233697,0.6212039,1.233697,1.233697,24.36357908
img_114.bmp,Male,31.069340937603386,-0.21330277621746063,0.43226483,1.2364734,0.5203472,1.2364734,1.2364734,34.0789473684
img_4014.bmp,Female,31.271154631670655,-0.18960653245449066,0.43954152,1.3973961,0.5784168,1.3973961,1.3973961,22.6713249127
img_2181.bmp,Male,31.072400451419373,-0.21294353902339935,0.31956267,1.3667547,0.5991098,1.3667547,1.3667547,26.4967268399
img_4069.bmp,Female,31.23880079339204,-0.1934054046869278,0.51727444,1.3225013,0.6498858,1.3225013,1.3225013,24.6891259105
img_1935.bmp,Female,31.237810144443657,-0.19352172315120697,0.48396203,1.2168761,0.5473002,1.2168761,1.2168761,27.9810093652
img_142.bmp,Female,31.35622353257819,-0.17961804568767548,0.2849624,1.5946267,0.5398479,1.5946267,1.5946267,43.3293685121
img_917.bmp,Male,31.03352097018331,-0.21750862896442413,0.44365746,1.2365751,0.6000933,1.2365751,1.2365751,23.0536265432
img_397.bmp,Male,31.05966212224374,-0.21443922817707062,0.42168674,1.2720064,0.5610711,1.2720064,1.2720064,26.6228558699
img_2401.bmp,Male,31.012530786546783,-0.21997322142124176,0.4570314,1.3846469,0.6200359,1.3846469,1.3846469,27.1157142857
img_2042.bmp,Male,31.0617180424287,-0.21419782936573029,0.3740557,1.3417796,0.5869565,1.3417796,1.3417796,43.3950617284
img_1207.bmp,Male,31.06154316230433,-0.2142183631658554,0.36505005,1.4584466,0.5745809,1.4584466,1.4584466,26.5743243243
img_3308.bmp,Female,31.257882270881545,-0.19116492569446564,0.43048814,1.3207601,0.5728977,1.3207601,1.3207601,27.9853867473
img_3655.bmp,Male,31.049928482345834,-0.21558211743831635,0.42470574,1.3710815,0.56726927,1.3710815,1.3710815,23.7455432539
img_1639.bmp,Male,31.083328555563014,-0.21166040003299713,0.2800933,1.5799901,0.58158684,1.5799901,1.5799901,27.9765306122
img_1438.bmp,Female,31.30259244328908,-0.18591521680355072,0.33752024,1.4553288,0.5783784,1.4553288,1.4553288,31.6142011834
img_1572.bmp,Female,31.296047256399007,-0.18668372929096222,0.36789802,1.4073793,0.52907306,1.4073793,1.4073793,38.616349481
img_25.bmp,Female,31.302928751220566,-0.18587572872638702,0.3592054,1.5246952,0.6198889,1.5246952,1.5246952,24.8864746094
img_2788.bmp,Male,31.084468449087787,-0.211526557803154,0.30547613,1.5666118,0.5598336,1.5666118,1.5666118,53.8010204082
img_2144.bmp,Male,31.061701798121067,-0.2141997367143631,0.43295428,1.2825767,0.54799783,1.2825767,1.2825767,35.5613965483
img_2976.bmp,Male,31.0215951102067,-0.21890892088413239,0.4852163,1.1637932,0.5657557,1.1637932,1.1637932,30.2699012812
img_2608.bmp,Male,31.099733021917853,-0.209734246134758,0.29564157,1.6485835,0.5298404,1.6485835,1.6485835,39.8676748582
img_157.bmp,Female,31.269974127376795,-0.18974514305591583,0.4208578,1.3959888,0.60657173,1.3959888,1.3959888,25.7446289062
img_3833.bmp,Female,31.243183203010997,-0.19289083778858185,0.49666777,1.3103178,0.6175118,1.3103178,1.3103178,21.5204081633
img_1481.bmp,Female,31.21705271127745,-0.19595898687839508,0.5387158,1.2155526,0.62762886,1.2155526,1.2155526,22.4945369407
img_1874.bmp,Male,31.01019972840127,-0.22024692595005035,0.48596653,1.2556493,0.6167222,1.2556493,1.2556493,32.074985122
img_2168.bmp,Female,31.315257165445743,-0.1844281703233719,0.33700967,1.4921894,0.5339655,1.4921894,1.4921894,43.9016326531
img_3371.bmp,Female,31.244003032911912,-0.1927945762872696,0.5107491,1.3498945,0.6481481,1.3498945,1.3498945,24.3897959184
img_2146.bmp,Female,31.254612088700924,-0.1915488988161087,0.4456721,1.3142209,0.57714283,1.3142209,1.3142209,26.289704142
img_303.bmp,Female,31.24450609881396,-0.19273550808429718,0.44412,1.2714964,0.59081167,1.2714964,1.2714964,31.7517089844
img_510.bmp,Male,31.054673596896183,-0.21502496302127838,0.38451064,1.3181983,0.5990001,1.3181983,1.3181983,29.5316110061
img_4142.bmp,Female,31.283165012810425,-0.1881963163614273,0.36629978,1.3854108,0.5844297,1.3854108,1.3854108,20.0857142857
img_2816.bmp,Female,31.307001249907938,-0.18539755046367645,0.36577433,1.5254884,0.58438545,1.5254884,1.5254884,28.3396321492
img_2227.bmp,Female,31.244012931786877,-0.19279341399669647,0.44230768,1.2700512,0.59331787,1.2700512,1.2700512,31.7517089844
img_3348.bmp,Male,31.086193645322005,-0.21132399141788483,0.3403232,1.4414208,0.5357346,1.4414208,1.4414208,30.5121527778
img_2301.bmp,Female,31.223581146225275,-0.19519244134426117,0.51029515,1.1565425,0.5628857,1.1565425,1.1565425,36.5764828304
img_1554.bmp,Male,31.013547578677766,-0.21985383331775665,0.47595513,1.3128325,0.61618537,1.3128325,1.3128325,28.0550304558
img_2092.bmp,Male,31.052756007143422,-0.21525011956691742,0.4544277,1.2816957,0.55016536,1.2816957,1.2816957,38.2432
img_4038.bmp,Female,31.289870866055693,-0.1874089390039444,0.3684095,1.4007355,0.55801105,1.4007355,1.4007355,40.4225
img_3624.bmp,Male,31.053533195736797,-0.2151588648557663,0.4349967,1.337125,0.5581181,1.337125,1.337125,46.2162162162
img_677.bmp,Male,31.07981876984479,-0.21207250654697418,0.37013066,1.544854,0.51906186,1.544854,1.544854,36.2586788336
img_344.bmp,Male,31.04820963154428,-0.21578393876552582,0.43859333,1.3320143,0.56769544,1.3320143,1.3320143,31.7464818315
img_2742.bmp,Male,31.0686906576634,-0.2133791297674179,0.36891875,1.378046,0.566833,1.378046,1.378046,31.3777028367
img_3.bmp,Female,31.23043472114309,-0.19438771903514862,0.47743022,1.206124,0.5915731,1.206124,1.206124,22.044766436
img_3088.bmp,Female,31.235452943115543,-0.1937984973192215,0.46034756,1.2546118,0.6192125,1.2546118,1.2546118,45.3310228943
img_3728.bmp,Female,31.22371820757094,-0.19517634809017181,0.4967227,1.1851851,0.5943833,1.1851851,1.1851851,31.3187716263
img_2491.bmp,Female,31.226906152944164,-0.19480203092098236,0.46781027,1.2284964,0.6396405,1.2284964,1.2284964,18.3072916667
img_499.bmp,Male,31.06009741892488,-0.21438811719417572,0.33758572,1.50441,0.59411764,1.50441,1.50441,37.2926311728
img_2313.bmp,Female,31.21254212391857,-0.19648860394954681,0.52068096,1.1927193,0.64050514,1.1927193,1.1927193,27.9198806244
img_1729.bmp,Female,31.2518881213645,-0.19186873733997345,0.38954926,1.2985075,0.6091954,1.2985075,1.2985075,26.5684051398
img_1817.bmp,Male,31.053964685158334,-0.21510820090770721,0.44654393,1.3162168,0.5524313,1.3162168,1.3162168,26.4438657407
img_4040.bmp,Female,31.269489336320834,-0.18980206549167633,0.39550972,1.3424803,0.563758,1.3424803,1.3424803,61.6496786042
img_1588.bmp,Male,31.07671407654819,-0.21243704855442047,0.33011192,1.4363415,0.56842077,1.4363415,1.4363415,33.9939555556
img_3182.bmp,Male,31.08756730458633,-0.21116270124912262,0.2982822,1.4382877,0.5682297,1.4382877,1.4382877,33.4695496925
img_2321.bmp,Male,31.06326962762508,-0.2140156477689743,0.39354336,1.3839494,0.55948526,1.3839494,1.3839494,24.1266272189
img_2077.bmp,Male,31.061812716284134,-0.21418671309947968,0.39448804,1.3091154,0.57684475,1.3091154,1.3091154,25.7658179012
img_3941.bmp,Female,31.244811187216715,-0.19269968569278717,0.47281465,1.2712989,0.5730337,1.2712989,1.2712989,33.6700824237
img_2197.bmp,Male,31.0404783563796,-0.21669171750545502,0.41599357,1.2977761,0.6070184,1.2977761,1.2977761,24.273780352
img_1134.bmp,Male,31.06973359297698,-0.21325667202472687,0.44019368,1.3200016,0.52284265,1.3200016,1.3200016,42.2408267906
